Keyword,Frequency
innovative,3
student,112
intelligence,1
education,122
teacher,197
learning,54
professor,28
teaching,103
party,9
revolutionising,1
swim,1
daily,10
fun,3
curriculumlinked,6
favourite,5
july,30
worldclass,13
summer,12
wellbeing,21
disney,5
academic,44
tutor,6
mexico,2
math,32
awardwinning,21
ceo,57
mathematician,3
headteacher,31
mathswhizz,3
cricketing,1
charity,100
friday,35
training,34
cricketer,1
stadium,1
coach,5
august,8
cricketplaying,1
coaching,9
performance,1
enriching,2
naturethemed,1
theatre,12
annual,41
competition,67
dance,6
dancing,2
celebration,14
dancebased,1
friend,1
worsen,1
family,3
harming,1
worry,2
battle,4
anxiety,8
health,6
sick,2
university,63
fridge,1
concert,9
gym,2
germany,1
leipzig,1
partying,1
basecamp,1
denmark,1
partygoer,1
app,5
downloaded,1
website,27
classroom,92
online,76
apps,11
ipad,5
musician,1
live,5
musical,5
manager,44
band,3
banding,1
prom,2
promsintheplayground,1
schoolage,1
blog,4
oxford,2
penguin,5
podcasts,5
shortlisted,1
apprentice,3
benefitting,2
undergraduate,11
welshbased,1
nominated,1
winner,6
dna,1
genome,1
zoology,1
proteincoding,1
whipworm,1
scientist,18
genetics,2
vaccine,2
bioinformatician,1
biology,6
autumn,10
extravaganza,2
tutoring,5
sad,1
lockdown,4
studying,7
class,35
pandemic,24
compete,14
competing,7
competitive,7
weekend,8
june,32
homeschooling,4
archery,2
imogen,1
helplines,1
new,54
sussex,2
evelyn,1
parent,32
carnegie,1
celebrated,4
catholic,11
worklife,2
excelling,1
lecturer,9
planetarium,2
phd,3
science,37
educational,13
parliament,3
webinars,4
abbot,1
improving,5
professional,14
practising,1
selfevaluation,1
revising,1
reaffirmed,1
ofsted,9
edtech,4
networking,2
college,16
keynote,4
microsoft,4
april,30
trainee,1
developmental,1
stage,2
elearning,3
therapist,3
sixteenyear,1
cat,2
mother,4
arkwright,2
cybersecurity,2
cyber,3
python,2
mathematics,16
sustainability,2
internship,1
finalist,24
changemakers,1
mentorship,2
entrepreneurial,3
festival,19
newlycreated,1
votesforschools,1
awardwinners,1
companiesschools,1
september,5
travis,1
monday,18
football,7
wednesday,17
rugby,3
schoolcentred,2
livewire,1
holiday,10
celebrating,13
fundraising,19
youtube,6
birthday,7
marathon,2
comedian,2
podcaster,1
schoolchildren,7
robot,7
robotics,9
robotinspired,1
book,6
literacy,16
librarian,4
library,19
footpath,1
november,14
traffic,3
crocodile,1
forestry,2
beef,1
semifinal,3
semifinalist,2
graduate,10
patient,3
hospital,6
workplace,6
nursing,5
healthcare,9
nurse,5
classroombased,4
midwifery,1
march,9
updated,2
month,16
launch,10
tonight,1
download,15
heating,3
alarm,2
ventilation,2
selfcalibrating,1
mitigation,1
reopening,3
ventilate,1
ventilating,1
attendee,1
booked,1
host,6
february,15
google,7
roadblock,1
edexcel,1
exam,12
educator,27
hamlet,1
doctor,4
heidi,1
decade,5
vaccination,1
immunologist,1
academy,3
tilbury,1
architect,6
autismspectrum,1
sheffield,2
publisher,1
facebook,13
thursday,12
innovation,16
teamwork,5
coventry,3
latest,12
composer,1
orchestra,3
orchestral,1
rebranding,2
musicmakers,1
hiphop,1
reliable,1
scotland,1
workstream,1
revitalise,1
videobased,1
accident,1
attacker,1
attack,1
malware,1
fbi,1
ransomware,1
cybercriminals,1
volunteer,24
lecture,5
historian,1
workingclass,1
discovery,1
global,11
classrooms,1
rover,1
homepage,1
touchdown,1
nasa,4
fittest,2
disability,4
olympic,5
olympics,3
juggling,1
paralympic,2
paralympics,3
teach,13
podcast,6
mathsconf,1
textbook,2
workbook,1
curriculum,19
gainsborough,1
rotherhambased,1
employability,1
mentor,7
mentoring,7
medeshamstede,1
cambridge,10
autism,6
tuition,3
disadvantaged,3
suffering,5
inequality,3
energysaving,1
blackheath,1
girl,7
carol,1
champion,15
biodiversity,2
wildlifefriendly,1
environmentallyfocused,1
environmental,7
ecoschools,2
kickstarted,1
kinaesthetic,1
clackmannanshire,1
fouryear,1
dunbartonshire,1
lanarkshire,1
empowering,1
educating,3
unlocks,1
educationalist,1
pedagogical,3
headteachers,4
bath,2
spa,1
coronavirus,21
date,4
daytoday,7
pm,2
development,2
launched,1
future,2
enhanced,1
innovating,2
firstclass,3
amphitheatrestyle,2
refurbishment,2
therapy,6
aiders,1
midjanuary,1
manchester,6
weekly,6
afternoon,5
underwater,1
ocean,4
mermaid,1
aquarium,2
login,3
password,3
audiobooks,3
directing,1
supplier,1
school,25
dining,1
food,1
kitchen,9
meal,1
cooking,4
eating,2
easter,1
graduated,2
millennium,5
tuesday,11
taught,4
author,4
english,2
lego,9
tournament,8
doctoral,2
linguistics,1
homework,5
seminar,6
astronomer,1
physicist,3
astronomy,3
recruitment,3
schoolrelated,1
curriculumrelated,1
innovationdriven,1
euro,1
penaltysave,1
championship,5
goalkeeping,1
christmas,14
uefa,1
january,7
fiveweek,1
macbeth,1
shakespeare,6
midsummer,1
winter,4
affected,1
firsthand,3
challenging,3
spring,10
eager,1
happier,1
festive,7
superheroes,2
healthier,3
thrilled,1
nottinghamshire,1
principal,29
excitement,1
tree,1
grower,1
cheer,2
chinese,2
tabletbased,1
newvic,1
eightweek,1
espn,1
saturday,4
newvics,1
studentproduced,1
dancer,2
choreography,4
help,1
workshop,2
participating,2
league,5
internet,6
emergency,3
donating,5
gift,2
donated,3
donation,10
highestperforming,2
birthweight,1
childrens,2
estonia,1
fiveyearold,1
fiveyearsold,1
mathematical,5
poverty,2
feeding,1
job,2
hour,3
policymakers,3
colleague,4
albertacanada,1
workload,7
englishspeaking,1
transformative,4
unemployment,1
schoolcollege,2
volunteering,9
medicine,10
sunday,7
scholarship,2
newlyopened,1
apprenticeship,3
cardinal,1
taggart,1
refurbished,4
lab,3
modernised,2
renovated,1
antibullying,3
october,7
victim,3
bullied,2
bullying,7
antibullyingweek,1
marsfocused,1
spacerelated,1
martian,1
gps,2
printer,1
mum,3
hospice,4
chemist,1
pharmacist,1
italy,2
yearly,2
yoga,1
oldhambased,1
poppy,1
jodie,1
lunchtime,4
florist,1
charitable,7
december,7
hsbc,1
storybook,1
bloomsbury,4
harpercollins,1
podcasters,1
curriculumbased,6
musicmaking,1
violinist,1
consultant,2
cambridgeshire,3
antiracism,1
activism,1
antiracist,1
celebrate,6
workout,2
store,1
customer,1
dinner,4
grocery,1
shopping,1
research,3
bushcraft,1
gamechanging,1
cricket,3
educationrich,1
ayrshire,1
playwright,3
rehearse,1
mate,1
household,1
valuable,4
youngest,2
rabbit,1
dog,2
home,9
breeding,1
breed,1
pregnant,1
winning,15
surrey,1
panda,1
wensleydale,1
friendship,1
covid,5
glasgow,1
milngavie,1
homelearning,2
playroom,1
immigration,1
tuberculosis,1
passport,1
coursework,2
visa,1
switzerland,2
brexit,3
conducting,1
eco,1
ecofriendly,1
horticulturalist,2
bronze,1
happy,2
rebecca,1
sustainable,3
cyberbullying,4
solihull,1
survivor,1
amber,1
gold,1
holocaust,2
poem,1
poetry,1
turtle,2
shark,1
biologist,1
childcare,3
afterschool,1
recession,1
scientific,1
trooper,1
militarythemed,1
soup,1
nutrition,3
recipe,1
chef,3
masterchef,1
horror,1
teenager,2
schoolbased,1
livestream,1
leeds,2
gcse,1
merger,2
btecs,1
careerrelated,2
biodegradable,1
lauren,1
chocolate,1
xbox,1
kirsty,1
amazon,1
nobel,2
reimagining,1
masterclass,4
parliamentary,1
performing,4
choir,3
rehearsing,1
prelaunch,1
censusrelated,1
rehearsal,2
drunk,1
pasta,1
lettuce,1
biscuit,1
diet,1
scholastic,1
japan,2
korea,1
selfesteem,1
holistic,1
nurturing,1
today,6
week,6
celebrates,4
fostering,1
enriches,1
poet,2
bestselling,5
donate,7
spacethemed,3
novel,2
stepbystep,2
pool,2
proactive,1
budding,2
futureproofed,1
entrepreneur,7
startup,3
employer,9
plc,1
launching,1
homeserve,1
deadline,7
yesterday,7
lightfoot,1
brainchild,1
chromebook,1
chromebooks,1
pipebots,1
teambuilding,3
webinar,3
subscriber,1
ecommunities,1
monthly,1
twitter,5
duchess,1
audiobook,1
susie,1
wastewater,1
humanitarian,1
soap,2
sink,1
wash,3
washing,3
plumbing,3
handwashing,2
influenza,1
viraloff,1
screenworks,1
customisable,2
easytouse,2
bacteria,2
knowledgeable,1
prerequisite,1
psychology,3
universitybased,2
london,4
dream,3
business,6
american,1
morning,2
bored,1
fintech,1
bluetooth,1
texting,1
suicide,1
killer,1
fear,1
suicidal,2
grieving,1
desperation,1
reopen,5
apprehensive,2
increase,2
announcement,2
woman,4
researcher,2
tsunami,1
helpline,1
psychologist,3
emotional,3
tiredsville,1
sadsville,1
celebrity,4
evacuating,1
wartime,2
war,7
dispenser,1
customised,1
hygienic,1
hygiene,1
sanitiser,1
compostable,1
clairefontaine,1
desk,1
retailing,1
office,2
antibacterial,1
factory,1
europewide,1
desktop,2
agricultural,2
farming,1
farmer,2
lottery,1
innovator,7
invention,3
park,2
inventor,1
sportsman,1
schoolteacher,2
doctorate,2
dead,1
jobrapido,1
seafaring,1
fishing,3
environmentalist,1
rainbow,1
medical,3
surgery,1
sevenstorey,1
installed,2
built,4
build,3
laboratory,2
prefabricated,1
regrettably,1
premature,1
urgency,2
distancing,1
madness,1
clickviewproduced,1
homeschool,1
engineeringbased,1
fitness,2
sedentary,1
commute,1
workday,1
schoolowned,1
psychometric,1
reconsidered,1
improved,2
hiring,3
efficient,2
automation,2
smarter,1
cheaper,1
timescale,1
replacement,1
cancelled,1
astronomicalthemed,1
space,2
helicopter,1
moon,2
astronaut,4
publishing,1
pupil,1
partnership,1
thirty,1
free,1
bank,1
puffinbooksuk,1
masterclasses,2
instagram,3
twitterfacebook,1
puffinbooks,1
puffinstorytime,1
tutorial,4
classwork,1
magic,1
snowflake,3
poppins,1
aladdinthemed,1
aladdin,1
emailing,1
difficult,3
construction,1
struggle,1
delayed,1
learningescape,1
web,1
cloudbased,3
software,3
uploaded,1
adhesive,1
easy,1
comforting,1
durable,1
formaldehydefree,1
clean,1
cleaned,1
luxury,2
affordable,1
waterproof,1
abuse,1
email,5
bribery,1
corruption,1
virus,1
bedroom,1
homeworking,1
homefriendly,1
menozzi,1
german,3
italian,1
android,2
nonprofit,1
quarantine,1
cybersmile,1
cybersmiles,1
internetrelated,1
president,2
competitor,6
communitydriven,1
shop,1
corporates,1
curated,2
cvdtwinklhelps,1
worldwide,1
voip,1
internetbased,1
voicemail,1
bluebot,1
curriculumfocused,1
exteacher,1
beebot,1
meetups,1
classmeeting,1
browser,2
cisco,1
expert,5
saving,1
efficiency,3
pediatrics,1
adultgeratric,1
technician,1
trusted,1
trainer,3
vital,1
popular,6
leadership,4
competency,1
competitively,2
buffet,1
wine,1
matchmaking,1
industrytested,1
clerking,1
harvard,2
multinational,1
impeller,1
coolant,1
wind,1
airbench,1
airstream,1
smoke,1
upgraded,1
machining,1
oil,1
overnight,1
huge,3
increasing,1
wife,2
struggling,2
political,1
voting,1
election,1
democracy,1
democratic,1
voter,1
politician,1
presidential,1
roadshow,2
popularity,1
elite,1
diabetes,4
ice,2
sweden,1
cancer,3
hockey,4
iihf,1
government,3
england,1
privatising,1
statefunded,3
pricey,1
smartphone,3
diagnose,1
working,1
busy,2
pathologist,1
kidsmart,1
frustration,1
fatigue,1
strike,1
congratulation,2
mediarich,1
discount,1
outreach,2
diploma,1
investing,2
educated,1
elevator,1
championing,1
investor,2
recruiting,3
pathology,1
hemostasis,1
hemostasisthrombosis,1
haematooncology,1
hematologist,1
hematopathologists,1
hematology,1
learner,4
joining,1
newest,2
appointment,2
academia,1
bookshop,1
globallyanticipated,1
hydropower,1
wimbledon,3
iopspark,1
excited,3
helpdesk,1
revolutionise,1
microsofts,1
youngminds,1
overweight,1
interschool,1
petrol,1
cycling,4
carfree,1
tennis,2
innovate,2
worldleading,1
schoolroom,1
comedy,1
vip,2
funniest,2
runnersup,2
learn,2
academically,1
destigmatize,1
disorder,1
depression,2
tween,1
recovering,1
jade,2
adhd,1
futurelearn,1
twoweek,1
memoir,1
obamas,1
obama,1
rewarding,3
cake,2
interviewed,1
model,5
interviewer,1
alumnus,8
fundraiser,9
rebuilding,1
haberdashery,1
reenacting,1
pudding,1
baking,2
cambridgebased,1
tomorrow,9
competitionready,1
goal,2
broadening,2
contest,3
roundersfest,1
loughborough,1
cook,1
cookery,2
annually,5
roboticsbased,1
proud,4
massage,1
lifelimiting,1
shanghai,1
china,2
platinum,2
disneyland,1
antibiotic,1
insecticide,1
suffragette,1
titan,1
michigan,2
roboticsthemed,1
obesity,3
changelife,1
sugar,1
changelifeschools,1
nutritionist,1
auditorium,1
practitioner,4
workbased,1
graduation,1
southgloucestershire,1
northwiltshire,1
btec,2
horse,1
equestrian,1
flour,1
bake,2
announced,1
campaigner,2
schooling,2
attraction,1
accredited,1
dedication,1
hostel,1
unmanageable,1
devastating,1
threequarters,1
hate,1
matisse,1
museum,10
yearoldchildren,1
kitching,1
childline,1
artsmark,1
galleriesenjoying,1
racehorse,1
horseracing,1
bestpractice,2
exhibitor,3
virtualaugmented,1
expo,1
mathsinspired,1
downloadable,1
retire,1
wesleyan,1
retirement,1
dentist,1
retiree,1
breaking,1
budget,2
bad,1
disaster,1
death,1
robb,1
died,2
archivist,1
chapel,1
pianoforte,1
recital,1
fishmonger,1
headmaster,5
harriet,1
prison,1
anouka,1
maybanks,1
caesar,1
umpired,1
financetalent,1
interview,2
hotel,1
ritz,1
englishlanguage,1
fourweek,1
staffed,1
converting,1
daventry,2
funloving,1
supermovers,1
supermoving,1
consultation,1
welsh,1
funded,1
funding,2
keegan,1
interior,1
warmth,1
liberates,1
radiator,1
ceiling,2
pupilclassroom,1
roombyroom,1
drying,1
regeneration,1
toilet,1
washbasin,1
shower,2
accountant,2
maidstone,1
achievement,2
success,5
stellar,1
cohort,1
lifechanging,1
scotlandbased,1
communitybased,1
refurbishing,1
anniversary,9
hawaii,1
yorkshire,1
lizzy,1
journalist,2
lollipop,1
vote,1
restaurant,1
scriptsmusical,1
playtime,1
karen,4
hertfordshire,1
qualification,1
giveaway,1
bigbookgiveaway,1
sacrifice,1
history,1
historical,1
centenary,2
prestigious,1
north,1
preeminence,1
inspection,1
secretary,3
tested,1
year,4
outdoor,1
outdoors,1
playground,1
cardiff,1
autismfriendly,1
cinema,3
documentary,3
largest,2
enrolling,1
resounding,1
successful,2
birminghambased,1
recordbreaking,1
gala,2
brewdog,1
entrepreneurship,1
decline,1
ageing,1
recentresearch,1
kellogg,1
renovate,1
dj,1
disco,1
astronights,1
midnight,1
staged,1
dresser,1
pottery,1
designlab,1
prizewinning,1
inaugural,3
iona,2
hardworking,1
britz,1
moneysense,1
banking,1
uptodate,2
impressed,1
aquafresh,1
toothbrush,1
anorexia,1
illness,1
generosity,3
safarithemed,1
beanstalk,4
japanese,1
blackout,1
gaming,2
soldier,1
uboats,1
arboretum,1
seagull,1
autistic,1
trained,2
cambridgeheadquartered,1
employment,1
mayor,3
cityregion,1
trip,2
gruelling,1
conquered,1
final,1
mph,1
canyoning,1
fastest,2
snowdon,1
congratulate,1
internationallybenchmarked,1
prizegiving,1
dragonfly,1
crowdfunding,2
matchfunding,1
tea,2
helping,2
forest,2
woodland,2
dogwood,1
planting,1
conifer,1
treesforlearning,1
expansion,2
expanded,1
popefotowales,1
activewellbeingweek,1
pedagogy,2
scholarly,2
lesson,1
daunting,1
young,2
engineer,2
engineering,3
rebuilt,1
daughter,4
jewish,2
bookseller,1
asthma,1
chemistry,2
trialling,1
seabird,1
hillpark,1
competitionorganisers,1
presley,1
elvis,1
ukulele,1
vocational,1
threemonth,2
twoyear,1
priest,1
flotilla,1
sailing,1
boat,3
preschool,3
kindergarten,1
arena,2
injured,1
bombing,1
reallife,1
moscow,1
russian,1
headmistress,1
russia,1
theatreineducation,1
carers,1
aquarius,2
counselling,3
footballer,1
bookmark,2
fifa,1
ashore,1
atlantic,1
race,2
transatlantic,1
sail,1
improv,1
photoshop,1
church,2
increased,1
sony,2
expanding,2
amelia,1
deputy,1
recruit,6
leaky,1
losing,1
recent,1
valentine,2
demotion,1
onceinalifetime,1
cream,1
newlyreleased,1
rocket,3
explorerspace,1
kidzania,1
hosting,1
amphibious,1
zeebrugge,1
cemetery,1
wounded,1
killed,1
submarine,1
relaunched,1
megan,1
gardener,1
botanical,1
derby,1
horticulture,2
succeed,1
munich,1
rich,1
competed,5
raspberry,3
youngster,1
sister,4
glacier,1
iceberg,1
antarctica,2
adobe,1
creativeproblem,1
playstation,1
fatherdaughter,1
competitivegamingmeetscareers,1
students,1
traineeship,1
jobcentre,1
saxon,1
shortage,2
socioeconomic,1
poorest,1
heartwarming,1
batman,1
superhero,2
exercise,1
belgium,1
participate,1
running,1
runner,1
tweet,1
spacesector,1
blackpool,1
sing,1
singing,1
showman,1
vocalist,1
promethean,1
everchanging,1
starstynedale,1
flyprouk,1
farm,1
sunny,2
craftswoman,1
crochet,1
podiumwinning,1
silverstone,1
racing,1
grandparent,1
allgirls,1
sixthyear,1
olympiad,1
biochemistry,1
hourly,1
milk,1
ukactives,1
schoolscolleges,1
businesswoman,2
charlotte,1
boxer,1
coached,1
financial,1
chancellor,1
underfunded,1
underfunding,1
female,2
meghan,1
fianc√©e,1
urgent,1
reform,2
fasttracked,1
waiting,1
desperate,1
archaeological,1
prehistory,1
palaeolithic,1
quicksurvey,1
handwriting,1
manuscript,1
medieval,1
beowulf,1
bible,1
autobiography,1
technologicallyadvanced,1
crisis,1
stagnant,1
knighted,1
lunch,1
sciencethemed,1
bike,1
cyclist,2
workforce,1
profession,1
underrepresented,1
employee,2
skier,2
wintersports,1
snowboarder,1
skiing,2
snowboarding,1
snowsport,1
snowsports,1
snowsporteng,1
suffered,1
worrying,1
bleak,1
pain,1
sickness,1
meteorite,1
revamp,1
lunar,1
backoffice,1
schoolsetting,1
parentscarers,1
hacklab,1
yearround,1
adolescent,1
childhood,1
slippery,1
headache,1
architecture,1
fitout,1
multisport,1
goalball,1
volleyball,1
dragon,2
catapult,1
satellite,1
esa,1
founded,1
lent,1
fiveyear,1
educationtoemployment,1
night,1
season,2
house,1
bbc,1
workflow,1
accounting,1
terror,1
mobilised,1
essexbased,1
security,2
schoolholiday,1
cctv,3
selfsufficient,1
manufacturing,1
maximum,1
upgrade,1
enterprise,1
patented,1
industry,1
manufacturer,1
piccadilly,1
bafta,1
baftas,1
film,1
imax,1
preview,2
inadequate,1
cupcake,1
christmasjumperday,1
webcast,1
rebrand,1
gas,1
installers,1
logictraining,1
importexport,1
queen,2
registrar,1
ambassadorial,1
upcoming,1
sponsorship,1
synergy,1
gamechangers,1
javascript,1
opensource,1
bicycle,1
bmx,1
classmate,1
oxfordbased,1
philippa,1
justine,1
meeting,1
inspiring,1
exhilarating,1
poorer,1
pakistanibangladeshi,1
fewest,1
black,1
betteroff,1
wealthier,1
staff,1
scrapped,1
filmmaker,1
everyday,2
refrigeration,1
techsavvy,1
refrigerator,1
zooniverse,1
penguinrelated,1
digitalsavvy,1
economy,1
economics,1
kickstart,2
fish,1
crab,1
pooling,1
shrimp,1
councilmaintained,1
penalty,1
utilitywise,1
superhuman,1
utilitywises,1
supercharge,1
educationrelated,1
crowdfunded,1
updating,1
dad,1
showreels,1
sporting,1
industryleading,2
ritual,1
washroom,1
essential,1
giant,1
adrenalinespiking,1
upmarket,1
forwardthinking,1
wonka,1
rsmusicschool,1
fungi,1
pharmacy,1
pharmaceutical,1
remodel,1
biomedical,1
higham,1
preowned,1
corporate,3
foreman,1
rainfall,1
sonnet,1
finance,1
snow,1
snowy,1
mountainside,1
rockies,1
snowfall,1
ski,1
renewed,1
geographer,1
indoor,1
whiterocktm,1
swimming,2
bathroom,1
aquariustm,1
digitally,1
streaming,1
vodafone,1
hourlong,1
keycard,1
wireless,1
synchronises,1
newingtonbased,1
bestinclass,1
wirelessbased,1
ballet,1
spongebob,1
lifethreatening,2
maxtop,1
diamond,1
sparkle,1
honeycomb,1
quartz,1
breakfast,1
stylish,1
actress,1
alumna,1
threeyear,1
ancient,1
bed,1
old,1
countryside,1
owner,1
georgian,1
mansion,2
toddler,1
ecstatic,1
jaguar,1
chloe,1
pro,1
savechildrenuk,1
savethechildrenuk,1
barron,1
southampton,1
overchurch,1
macbeththemed,1
shakespeareinspired,1
army,1
lawyer,2
banker,1
marching,1
choreographer,1
technologyfocused,1
educationshow,1
dinosaur,1
clapton,1
southwark,1
skyscraper,1
lake,1
origami,1
boating,1
wwii,1
kickoff,1
drumming,1
bagpipe,1
freestyle,1
bongo,1
filmmaking,2
scriptwriting,1
foundersschools,1
champagne,2
goldfish,1
smartphones,1
moneypiggy,1
matilda,1
laceybeth,1
viking,2
mango,1
sweater,1
toughest,1
homelessness,1
stagecraft,1
broadway,1
studentdriven,1
theatremakers,1
theatregoer,1
alicia,1
chantelle,1
mentored,1
sorority,1
haberdasher,1
newsreader,2
mathsbuilder,1
reinvent,1
nextgeneration,1
foundation,1
liver,1
imminent,1
work,1
scheduled,1
malawian,1
toolkits,1
assistant,1
weekbyweek,1
skipper,1
scourge,1
rob,1
nightmare,1
seagersmith,1
puppy,1
pupcakes,1
spokesperson,2
fundraise,1
lifesaving,1
bus,2
raf,1
servicewomen,1
bakesale,1
fairtrades,1
fairtrade,1
pie,1
donor,1
ebook,1
ebooks,1
gpo,1
battalion,1
rifle,1
britain,1
british,1
emerson,1
myanmar,1
enthralled,1
flute,1
verdi,1
opera,1
glyndebournes,1
glyndebourne,1
mozart,1
premiere,1
festivalrelated,1
laughing,1
africa,1
balloon,1
congratulated,1
grade,1
provisional,1
modern,1
downloading,1
freeofcharge,1
temperance,1
mutilation,1
theresa,1
marriage,1
married,1
unicef,1
bbfc,1
remixing,1
stanford,1
pc,1
watford,1
linuxbased,1
trophy,1
homeleigh,1
addicted,1
musicianship,1
ecohouse,1
makeover,1
danced,1
caribbean,1
cadetship,1
seafarer,1
wealthy,1
assistancefunding,1
yacht,1
yachting,1
yachtmaster,1
difficulty,1
worse,1
detrimental,1
evolution,1
midmarket,1
frog,1
frogtrade,1
designer,1
staffpupilparent,1
recruiter,1
antismoking,1
viral,1
blindness,1
ophthalmologist,1
webuyanycarcom,1
pedestrian,1
barclaycard,1
ninja,1
samsung,1
newsreel,1
elevenyear,1
assassination,1
auctioneer,1
grandmother,1
rap,1
